

INSERT INTO `Bonds` VALUES
('buy','USD',50,'04/08/2021','open','13/05/2021','90','4.37','USD','',1000,'XS1988387210','BNPParibasIssu 4,37% Microsoft Corp (USD)','05/08/2021','active','CORP','trading_book_1','AZ Holdings Inc'),
('sell','GBP',40,'04/08/2021','open','04/02/2021','89.56','4.37','USD','',1000,'XS1988387210','BNPParibasIssu 4,37% Microsoft Corp (USD)','05/08/2021','active','CORP','trading_book_1','AZ Holdings Inc'),
('buy','USD',1000,'23/08/2021','open','13/05/2021','105.775','3.15','USD','123456780',900,'USN0280EAR64','Airbus 3.15%  USD','30/07/2021','active','CORP','trading_book_2','Acme co'),
('sell','GBP',900,'10/09/2021','open','04/02/2021','105.775','3.15','USD','123456780',900,'USN0280EAR64','Airbus 3.15%  USD','30/07/2021','active','CORP','trading_book_2','Acme Co'),
('buy','USD',50,'23/08/2021','open','13/05/2021','90','2','USD','123456bh0',900,'A12356111','UBS Facebook (USD)','30/09/2021','active','CORP','Trading_book_3','Sovereign Investments'),
('buy','USD',1000,'23/08/2021','open','13/05/2021','105.775','3.15','USD','123456780',900,'USN0280EAR64','Airbus 3.15%  USD','30/07/2021','active','CORP','trading_book_2','Astra Trading Ltd'),
('sell','USD',50,'23/08/2021','open','13/05/2021','90','2','USD','123456bh0',900,'A12356111','UBS Facebook (USD)','30/09/2021','active','CORP','Trading_book_2','Sovereign Investments'),
('buy','GBP',60,'27/09/2021','open','04/02/2021','98.56','3.15','USD','AMZN 3.15 08/22/27 REGS',900,'USU02320AG12','Amazon','03/08/2021','active','CORP','Trading_book_4','Muncipal Gov Of Orange County'),
('buy','USD',50,'23/08/2021','open','23/08/2021','98.56','3.15','USD','AMZN 3.15 08/22/27 REGS',900,'USU02320AG12','Amazon','03/08/2021','active','CORP','Trading_book_4','Muncipal Gov Of Orange County'),
('buy','GBP',1100,'27/09/2021','open','27/09/2021','110.35','0.75','GBP','BDCHBW8',900,'GB00B6460505','HM Treasury United Kingdon','09/08/2021','active','GOVN','Trading_book_6','Goldman Sachs'),
('sell','GBP',900,'28/09/2021','open','28/09/2021','110.35','0.75','GBP','BDCHBW8',900,'GB00B6460506','HM Treasury United Kingdon','09/08/2021','active','GOVN','Trading_book_6','Goldman Sachs'),
('buy','GBP',2000,'29/09/2021','open','29/09/2021','110.35','0.75','GBP','BDCHBW8',900,'GB00B6460507','HM Treasury United Kingdon','09/08/2021','active','GOVN','Trading_book_6','UBS'),
('sell','GBP',2000,'30/09/2021','open','30/09/2021','110.35','0.75','GBP','BDCHBW8',900,'GB00B6460508','HM Treasury United Kingdon','09/08/2021','active','GOVN','Trading_book_6','UBS'),
('buy','GBP',1000,'01/10/2021','open','01/10/2021','110.35','0.75','GBP','BDCHBW8',900,'GB00B6460509','HM Treasury United Kingdon','09/08/2021','active','GOVN','Trading_book_6','Barclays'),
('buy','GBP',900,'02/10/2019','open','02/10/2019','110.35','0.75','GBP','BDCHBW8',900,'GB00B6460510','HM Treasury United Kingdon','09/08/2021','active','GOVN','Trading_book_6','Barclays'),
('sell','GBP',1900,'03/10/2019','open','03/10/2019','110.35','0.75','GBP','BDCHBW8',900,'GB00B6460511','HM Treasury United Kingdon','09/08/2021','active','GOVN','Trading_book_6','Barclays'),
('buy','GBP',600,'04/10/2018','open','04/10/2018','110.35','0.75','GBP','BDCHBW8',900,'GB00B6460512','HM Treasury United Kingdon','09/08/2021','active','GOVN','Trading_book_6','British Telecom'),
('buy','GBP',600,'05/10/2019','open','05/10/2019','110.35','0.75','GBP','BDCHBW8',900,'GB00B6460513','HM Treasury United Kingdon','09/08/2021','active','GOVN','Trading_book_6','Pension Holdings'),
('buy','GBP',700,'06/06/2021','open','06/06/2021','110.35','0.75','GBP','BDCHBW8',900,'GB00B6460514','HM Treasury United Kingdon','09/08/2021','active','GOVN','Trading_book_6','Pension Holdings'),
('sell','GBP',1300,'07/10/2021','open','07/10/2011','110.35','0.75','GBP','BDCHBW8',900,'GB00B6460515','HM Treasury United Kingdon','09/08/2021','active','GOVN','Trading_book_6','Pension Holdings'),
('buy','USD',60,'27/09/2021','open','04/02/2012','100.13','2.02','USD','87973RAA8',690,'US87973RAA86','TEMASEK FINL I LTD GLOBAL MEDIUM TERM NTS BOOK ENTRY REG S','06/08/2021','active','SOVN','Trading_book_4','Zurich Pension fund 4'),
('buy','USD',50,'23/08/2021','open','23/08/2012','100.13','2.02','USD','87973RAA8',690,'US87973RAA86','TEMASEK FINL I LTD GLOBAL MEDIUM TERM NTS BOOK ENTRY REG S','06/08/2021','active','SOVN','Trading_book_4','Zurich Pension fund 4'),
('buy','USD',75,'27/09/2021','open','04/02/2013','100.13','2.02','USD','87973RAA8',690,'US87973RAA86','TEMASEK FINL I LTD GLOBAL MEDIUM TERM NTS BOOK ENTRY REG S','06/08/2021','active','SOVN','Trading_book_4','Zurich Pension fund 4'),
('buy','USD',50,'23/08/2021','open','23/08/2014','100.13','2.02','USD','87973RAA8',690,'US87973RAA86','TEMASEK FINL I LTD GLOBAL MEDIUM TERM NTS BOOK ENTRY REG S','06/08/2021','active','SOVN','Trading_book_4','Zurich Pension fund 4'),
('buy','USD',300,'27/09/2021','open','04/02/2016','98.76','1.123','USD','87973RAA8',340,'IE00B29LNP31','First Norway Alpha Kl.IV','22/12/2030','active','SOVN','Trading_book_4','Zurich Pension fund 4'),
('buy','USD',300,'23/08/2021','open','23/08/2012','98.76','1.123','USD','87973RAA8',340,'IE00B29LNP31','First Norway Alpha Kl.IV','22/12/2030','active','SOVN','Trading_book_4','Zurich Pension fund 4'),
('buy','USD',300,'27/09/2021','open','04/02/2013','98.76','1.123','USD','87973RAA8',340,'IE00B29LNP31','First Norway Alpha Kl.IV','22/12/2030','active','SOVN','Trading_book_4','Zurich Pension fund 4'),
('sell','USD',300,'23/08/2021','open','23/08/2015','98.76','1.123','USD','87973RAA8',340,'IE00B29LNP31','First Norway Alpha Kl.IV','22/12/2030','active','SOVN','Trading_book_4','Zurich Pension fund 4');



INSERT INTO book (name) VALUES ('trading_book_1'), ('trading_book_2'), ('Trading_book_3'), ('Trading_book_4'), ('Trading_book_6');

INSERT INTO userr (name, email, role) VALUES ('AZ Holdings Inc', 'azholdings@example.com', 'bond_holder'), ('Acme co', 'acmeco@example.com', 'bond_holder'), ('Sovereign Investments', 'sovereigninvestments@example.com', 'bond_holder'), ('Astra Trading Ltd', 'astratradingltd@example.com', 'bond_holder'), ('Muncipal Gov Of Orange County', 'muncipalgovoforangecounty@example.com', 'bond_holder'), ('Goldman Sachs', 'goldmansachs@example.com', 'bond_holder'), ('UBS', 'ubs@example.com', 'bond_holder'), ('Barclays', 'barclays@example.com', 'bond_holder'), ('British Telecom', 'britishtelecom@example.com', 'bond_holder'), ('Pension Holdings', 'pensionholdings@example.com', 'bond_holder'), ('Zurich Pension fund 4', 'zurichpensionfund4@example.com', 'bond_holder');

INSERT INTO counterparty (name) VALUES ('BNPParibasIssu 4,37% Microsoft Corp (USD)'), ('Airbus 3.15% USD'), ('UBS Facebook (USD)'), ('Amazon'), ('HM Treasury United Kingdon'), ('TEMASEK FINL I LTD GLOBAL MEDIUM TERM NTS BOOK ENTRY REG S'), ('First Norway Alpha Kl.IV');

INSERT INTO book_user (book_id, user_id) VALUES (1, 1), (2, 2), (3, 3), (2, 4), (2, 3), (4, 5), (5, 5), (5, 6), (5, 7), (5, 8), (5, 9), (5, 10), (4, 11);

INSERT INTO security (isin, cusip, issuer_name, maturity_date, coupon, type, face_value, currency, status) VALUES ('XS1988387210', NULL, 'BNPParibasIssu 4,37% Microsoft Corp (USD)', '2021-08-05', 4.37, 'CORP', 1000, 'USD', 'active'), ('USN0280EAR64','123456780','Airbus 3.15% USD','2021-07-30',3.15,'CORP',900,'USD','active'), ('A12356111','123456bh0','UBS Facebook (USD)','2021-09-30',2,'CORP',900,'USD','active'), ('USU02320AG12','AMZN 3.15 08/22/27 REGS','Amazon','2021-08-03',3.15,'CORP',900,'USD','active'), (NULL,'BDCHBW8','HM Treasury United Kingdon','2021-08-09',0.75,'GOVN',900,'GBP','active'), ('US87973RAA86','87973RAA8','TEMASEK FINL I LTD GLOBAL MEDIUM TERM NTS BOOK ENTRY REG S','2021-08-06',2.02,'SOVN',690,'USD','active'), ('IE00B29LNP31','87973RAA8','First Norway Alpha Kl.IV','2030-12-22',1.123,'SOVN',340,'USD','active');

INSERT INTO trades (book_id, security_id, counterparty_id, currency, status, quantity, unit_price, buy_sell, trade_date, settlement_date) VALUES (1, 1, 1, 'USD', 'open', 50, 90, 'buy', '2021-05-13', '2021-08-04'), (1, 1, 1, 'GBP', 'open', 40, 89.56, 'sell', '2021-02-04', '2021-08-04'), (2, 2, 2, 'USD', 'open', 1000, 105.775, 'buy', '2021-05-13', '2021-08-23'), (2, 2, 2, 'GBP', 'open', 900, 105.775, 'sell', '2021-02-04', '2021-09-10'), (3, 3, 3, 'USD', 'open', 50, 90, 'buy', '2021-05-13', '2021-08-23'), (2, 2, 2, 'USD', 'open', 1000, 105.775, 'buy', '2021-05-13', '2021-08-23'), (2, 3, 3, 'USD', 'open', 50, 90, 'sell', '2021-05-13', '2021-08-23');


